case_id,origin,family,report_mode,horizon,alphabet,verdict,nodes,states,classes,buckets,checker_steps,max_count_bits,spectrum_size,actual_outcome,actual_complete,bucket_full,count_threshold,marginal_possible,full_possible,no_hall_disagreement,no_exclusion_disagreement,producer_edges,universe_size,reported_traces,produce_certificate_cpu_s,checker_cpu_s,per_outcome_flow_cpu_s,case_cpu_s,certificate_bytes
generated-1800,generated,temporal,empty,3,4,forced-incomplete,26,13,8,2,72,5,1,0,0,0,0,0,0,1,0,56,84,0,2.783100000003369e-05,0.0003010070000000198,0.0001237440000000367,0.0006447569999999958,1081
generated-1801,generated,temporal,class-complete,3,4,ambiguous,22,12,8,4,76,5,9,8,1,0,1,1,1,0,0,44,84,8,4.499700000004658e-05,0.0002481779999999878,0.00043863099999996713,0.0008917540000000779,1232
generated-1802,generated,temporal,seeded-omission,3,4,forced-incomplete,26,13,8,1,64,5,8,2,0,1,0,1,0,1,0,56,84,7,3.183699999997902e-05,0.00024414200000000275,0.000242960999999986,0.0006744819999999763,1153
generated-1803,generated,temporal,census,3,4,forced-complete,26,13,8,4,88,5,1,8,1,1,1,1,1,0,1,56,84,84,2.8801999999994443e-05,0.0002574719999999253,0.0011898769999999503,0.0016340870000000063,1217
generated-1804,generated,temporal,one-per-bucket,3,4,forced-incomplete,22,12,8,3,68,5,2,1,0,1,0,1,0,1,1,44,85,3,3.0305000000008242e-05,0.0002271879999999893,0.00027028100000003885,0.0006796890000000388,1132
generated-1805,generated,temporal,class-exclusion,3,4,ambiguous,22,12,8,4,76,5,3,5,0,1,1,1,1,0,1,44,84,83,3.5231999999996155e-05,0.00021758299999996566,0.0009101710000000152,0.001302272999999965,1228
generated-1806,generated,temporal,empty,4,4,forced-incomplete,33,12,8,1,96,7,1,0,0,0,0,0,0,1,0,88,340,0,1.7566000000024395e-05,0.0003145070000000194,8.159099999993646e-05,0.0006103460000000949,1259
generated-1807,generated,temporal,class-complete,4,4,ambiguous,34,12,8,4,124,7,9,8,1,1,1,1,1,0,0,92,340,8,4.148199999998159e-05,0.00038943899999999143,0.0004687259999999194,0.001310707000000022,1567
generated-1808,generated,temporal,seeded-omission,4,4,forced-incomplete,33,12,8,2,104,7,7,0,0,1,0,1,0,1,0,88,340,7,3.209700000006421e-05,0.0003095300000000023,0.00030740600000001006,0.0008767920000000151,1421
generated-1809,generated,temporal,census,4,4,forced-complete,34,12,8,4,124,7,1,8,1,1,1,1,1,0,1,92,340,340,4.481600000005859e-05,0.0003175220000000145,0.0011451900000000181,0.001711781999999995,1472
generated-1810,generated,temporal,one-per-bucket,4,4,forced-incomplete,33,12,8,1,96,7,2,0,0,1,0,1,0,1,0,88,340,1,2.0689999999934372e-05,0.00034414100000002,0.00012899199999993893,0.0006931790000000992,1315
generated-1811,generated,temporal,class-exclusion,4,4,ambiguous,34,12,8,5,132,7,2,3,0,1,1,1,1,0,1,92,341,316,3.865699999994199e-05,0.00033208299999998303,0.0012015039999999644,0.0017904589999999665,1639
generated-1812,generated,temporal,empty,6,4,forced-incomplete,55,12,8,2,192,11,1,0,0,0,0,0,0,1,0,176,5460,0,2.0230000000065473e-05,0.0005216149999999198,0.0001109940000000309,0.000992745000000017,2012
generated-1813,generated,temporal,class-complete,6,4,ambiguous,56,12,8,4,212,11,9,8,1,1,1,1,1,0,0,180,5460,8,4.511699999998342e-05,0.000577005999999991,0.0004909889999999972,0.0014814599999999345,2284
generated-1814,generated,temporal,seeded-omission,6,4,forced-incomplete,55,12,8,1,184,11,8,6,0,1,0,1,0,1,0,176,5460,7,3.3991000000010985e-05,0.00050432899999997,0.00027318600000003634,0.0011543239999999289,2084
generated-1815,generated,temporal,census,6,4,forced-complete,55,12,8,4,208,11,1,8,1,1,1,1,1,0,1,176,5460,5460,3.5432999999973624e-05,0.0005282149999999985,0.0012184089999999204,0.0021253759999999566,2196
generated-1816,generated,temporal,one-per-bucket,6,4,forced-incomplete,55,12,8,2,192,11,3,1,0,1,0,1,0,1,0,176,5460,2,4.789100000002211e-05,0.0005149150000000047,0.00018551499999996945,0.0010975899999999816,2094
generated-1817,generated,temporal,class-exclusion,6,4,ambiguous,56,12,8,4,212,11,2,1,0,1,1,1,1,0,1,180,5460,5397,4.27830000000462e-05,0.0005768670000000364,0.0013305750000000005,0.002625099000000075,2334
generated-1818,generated,temporal,empty,8,4,forced-incomplete,77,12,8,2,280,15,1,0,0,0,0,0,0,1,0,264,87381,0,2.352500000002422e-05,0.000722523000000086,0.00012685899999997918,0.0013916660000000691,2835
generated-1819,generated,temporal,class-complete,8,4,ambiguous,78,12,8,4,300,15,9,8,1,1,1,1,1,0,0,268,87380,8,4.56380000000145e-05,0.0007632330000000298,0.00048450900000007735,0.0018298969999999137,3114
generated-1820,generated,temporal,seeded-omission,8,4,forced-incomplete,77,12,8,2,280,15,8,4,0,1,0,1,0,1,0,264,87380,7,4.039000000000126e-05,0.0007358630000000588,0.00029859300000001365,0.0015884790000000315,2961
generated-1821,generated,temporal,census,8,4,forced-complete,77,12,8,4,296,15,1,8,1,1,1,1,1,0,1,264,87380,87380,3.686499999999704e-05,0.000726740000000059,0.00118239600000003,0.002480853999999977,3045
generated-1822,generated,temporal,one-per-bucket,8,4,forced-incomplete,77,12,8,1,272,15,2,0,0,1,0,1,0,1,0,264,87380,1,2.8421999999972414e-05,0.0007286920000000308,0.00012907200000000785,0.0013733299999999504,2847
generated-1823,generated,temporal,class-exclusion,8,4,ambiguous,86,13,8,4,328,15,5,7,0,1,1,1,1,0,1,296,87380,62639,4.5677999999993446e-05,0.0008207879999999612,0.0011021759999999547,0.0025284740000000028,3429
generated-1824,generated,temporal,empty,12,4,forced-incomplete,122,12,8,2,460,24,1,0,0,0,0,0,0,1,0,444,22369620,0,2.458699999996483e-05,0.0011537929999999585,0.00011234699999995712,0.0021492819999999746,4815
generated-1825,generated,temporal,class-complete,12,4,ambiguous,134,13,8,5,528,23,9,8,1,0,1,1,1,0,0,488,22369621,8,5.075499999995792e-05,0.0013195990000000046,0.000511959999999978,0.0027795780000000603,5562
generated-1826,generated,temporal,seeded-omission,12,4,forced-incomplete,121,12,8,1,448,24,8,2,0,1,0,1,0,1,0,440,22369620,7,3.8066000000003264e-05,0.00115531499999999,0.00026446299999993705,0.002227478000000005,4874
generated-1827,generated,temporal,census,12,4,forced-complete,122,12,8,4,476,23,1,8,1,1,1,1,1,0,1,444,22369620,22369620,3.906800000008648e-05,0.0011654300000000228,0.0011919699999999311,0.003179150999999991,5088
generated-1828,generated,temporal,one-per-bucket,12,4,forced-incomplete,121,12,8,2,456,24,3,1,0,1,0,1,0,1,0,440,22369620,2,4.970400000003927e-05,0.0011611339999999526,0.00018923100000001192,0.002174789999999982,4884
generated-1829,generated,temporal,class-exclusion,12,4,ambiguous,122,12,8,4,476,23,3,5,0,1,1,1,1,0,1,444,22369620,21887332,4.629900000008291e-05,0.0011654300000000228,0.0012833159999999788,0.0032958549999999587,5258
generated-1830,generated,temporal,empty,24,4,forced-incomplete,253,12,8,1,976,48,1,0,0,0,0,0,0,1,0,968,375299968947540,0,4.122099999992468e-05,0.0025674730000000423,9.912699999992114e-05,0.006656965999999986,13264
generated-1831,generated,temporal,class-complete,24,4,ambiguous,254,12,8,4,1004,48,9,8,1,1,1,1,1,0,0,972,375299968947540,8,6.148099999991885e-05,0.002608052999999999,0.0004856020000000294,0.004873887999999993,13633
generated-1832,generated,temporal,seeded-omission,24,4,forced-incomplete,278,13,8,3,1088,48,7,0,0,0,0,1,0,1,0,1064,375299968947541,7,5.6302999999924275e-05,0.0028242840000000102,0.0003490879999999974,0.005051560999999927,14631
generated-1833,generated,temporal,census,24,4,forced-complete,278,13,8,4,1096,48,1,8,1,1,1,1,1,0,1,1064,375299968947540,375299968947540,5.328899999990089e-05,0.002855290000000066,0.0012701760000000117,0.0060090130000000075,14891
generated-1834,generated,temporal,one-per-bucket,24,4,forced-incomplete,253,12,8,1,976,48,2,0,0,1,0,1,0,1,0,968,375299968947540,1,5.6533999999941464e-05,0.002576024999999982,0.00014223099999999267,0.004409458000000033,13320
generated-1835,generated,temporal,class-exclusion,24,4,ambiguous,253,12,8,4,1000,48,3,3,0,1,1,1,1,0,1,968,375299968947540,375017757514867,6.28630000000241e-05,0.0026889529999999384,0.0012631459999999928,0.00611463000000001,14004
generated-1836,generated,temporal,empty,3,4,forced-incomplete,23,11,7,2,66,5,1,0,0,0,0,0,0,1,0,52,84,0,3.4680999999925355e-05,0.00021677200000003172,8.617799999999232e-05,0.00047722900000002344,982
generated-1837,generated,temporal,class-complete,3,4,ambiguous,23,11,7,4,80,5,8,7,1,0,1,1,1,0,0,52,84,7,3.3840999999923405e-05,0.00022967099999993135,0.00033510799999991736,0.0007608500000000351,1201
generated-1838,generated,temporal,seeded-omission,3,4,forced-incomplete,22,12,8,1,52,5,8,6,0,1,0,1,0,1,0,44,84,7,2.5908999999990634e-05,0.00021521999999996044,0.00024120799999993725,0.0006030949999999979,1062
generated-1839,generated,temporal,census,3,4,forced-complete,23,11,7,5,87,5,1,7,1,1,1,1,1,0,1,52,85,85,2.5967999999987335e-05,0.00021942600000002255,0.0008297429999999384,0.0012146539999999817,1145
generated-1840,generated,temporal,one-per-bucket,3,4,forced-incomplete,26,13,8,2,72,5,3,0,0,1,0,1,0,1,0,56,84,2,2.3746000000102185e-05,0.0002498310000000892,0.0004080659999999847,0.000833017000000047,1163
generated-1841,generated,temporal,class-exclusion,3,4,ambiguous,22,12,8,4,76,5,5,1,0,1,1,1,1,0,1,44,84,65,3.322900000002349e-05,0.00024730700000008543,0.0007284719999999245,0.001145621000000041,1230
generated-1842,generated,temporal,empty,4,4,forced-incomplete,34,12,8,1,100,7,1,0,0,0,0,0,0,1,0,92,340,0,1.5673999999910038e-05,0.0002956389999999587,8.244199999996038e-05,0.0006057190000000601,1277
generated-1843,generated,temporal,class-complete,4,4,ambiguous,33,12,8,4,120,7,9,8,1,1,1,1,1,0,0,88,340,8,4.000899999989649e-05,0.00032375100000003876,0.000543966999999923,0.0011249210000000565,1548
generated-1844,generated,temporal,seeded-omission,4,4,forced-incomplete,38,13,8,2,120,7,8,4,0,1,0,1,0,1,0,104,340,7,3.2377999999999574e-05,0.00034444200000005587,0.0003120529999999233,0.0009141869999998997,1546
generated-1845,generated,temporal,census,4,4,forced-complete,33,12,8,4,120,7,1,8,1,1,1,1,1,0,1,88,340,340,2.6900000000051882e-05,0.00030023599999995376,0.0014200589999999735,0.0019468310000000377,1453
generated-1846,generated,temporal,one-per-bucket,4,4,forced-incomplete,34,12,8,2,108,7,2,1,0,1,0,1,0,1,1,92,341,2,2.7260999999945135e-05,0.0003564600000000029,0.00017907600000000023,0.000780199000000037,1401
generated-1847,generated,temporal,class-exclusion,4,4,ambiguous,33,12,8,4,120,7,2,7,0,1,1,1,1,0,1,88,340,317,3.447099999998038e-05,0.00031232400000003047,0.0011953249999999693,0.0017448310000000022,1558
generated-1848,generated,temporal,empty,6,4,forced-incomplete,62,13,8,2,216,11,1,0,0,0,0,0,0,1,0,200,5460,0,2.1292000000006084e-05,0.0005982990000000799,0.00010859099999993571,0.001167384000000049,2192
generated-1849,generated,temporal,class-complete,6,4,ambiguous,56,12,8,4,212,11,9,8,1,1,1,1,1,0,0,180,5460,8,4.496700000000686e-05,0.0005559059999999949,0.0004856510000000869,0.0014534590000000458,2284
generated-1850,generated,temporal,seeded-omission,6,4,forced-incomplete,55,12,8,1,184,11,8,2,0,1,0,1,0,1,0,176,5460,7,3.0676000000062764e-05,0.0004979299999999798,0.00027105199999999385,0.0011313200000000467,2084
generated-1851,generated,temporal,census,6,4,forced-complete,55,12,8,4,208,11,1,8,1,1,1,1,1,0,1,176,5460,5460,3.0784999999977636e-05,0.0005289050000000239,0.0011906180000000877,0.0020826330000000004,2196
generated-1852,generated,temporal,one-per-bucket,6,4,forced-incomplete,62,13,8,2,216,11,3,0,0,1,0,1,0,1,0,200,5460,2,4.390500000006625e-05,0.0005573380000000183,0.00018475500000003642,0.0011651900000000381,2274
generated-1853,generated,temporal,class-exclusion,6,4,ambiguous,62,13,8,5,240,11,4,5,0,1,1,1,1,0,1,200,5461,4725,4.754000000006808e-05,0.0005820840000000382,0.0012226050000000432,0.0022648730000000006,2558
generated-1854,generated,temporal,empty,8,4,forced-incomplete,86,13,8,1,304,15,1,0,0,0,0,0,0,1,0,296,87380,0,2.277399999994767e-05,0.0008560509999999688,8.714999999992479e-05,0.0015452449999999729,3040
generated-1855,generated,temporal,class-complete,8,4,ambiguous,77,12,8,4,296,15,9,8,1,1,1,1,1,0,0,264,87380,8,5.172700000000141e-05,0.0007499229999999857,0.0004706689999999236,0.0017655719999999375,3096
generated-1856,generated,temporal,seeded-omission,8,4,forced-incomplete,78,12,8,2,284,15,8,0,0,1,0,1,0,1,0,268,87380,7,3.8517999999987396e-05,0.0008047150000000114,0.000316339999999915,0.0016603349999999573,2977
generated-1857,generated,temporal,census,8,4,forced-complete,78,12,8,4,300,15,1,8,1,1,1,1,1,0,1,268,87380,87380,3.435099999993252e-05,0.0007138899999999948,0.0012108680000000316,0.0024801230000000007,3064
generated-1858,generated,temporal,one-per-bucket,8,4,forced-incomplete,78,12,8,1,276,15,2,0,0,1,0,1,0,1,0,268,87380,1,2.6139000000036106e-05,0.0007876190000000172,0.0001339289999999771,0.0014330280000000029,2863
generated-1859,generated,temporal,class-exclusion,8,4,ambiguous,86,13,8,4,328,15,3,3,0,1,1,1,1,0,1,296,87380,82099,4.2543000000061504e-05,0.0008016299999999976,0.0011687759999999825,0.0025861909999999044,3435
generated-1860,generated,temporal,empty,12,4,forced-incomplete,122,12,8,3,468,24,1,0,0,0,0,0,0,1,0,444,22369621,0,2.771099999998583e-05,0.0011436690000000693,0.00013271700000005993,0.002144324999999947,4859
generated-1861,generated,temporal,class-complete,12,4,ambiguous,121,12,8,4,472,23,9,8,1,1,1,1,1,0,0,440,22369620,8,5.153700000004591e-05,0.0012977680000000325,0.0004638879999999679,0.0025863609999999815,5082
generated-1862,generated,temporal,seeded-omission,12,4,forced-incomplete,121,12,8,1,448,24,8,6,0,1,0,1,0,1,0,440,22369620,7,3.803699999993526e-05,0.0011393920000000168,0.0002692600000000489,0.002191484999999993,4874
generated-1863,generated,temporal,census,12,4,forced-complete,134,13,8,4,520,23,1,8,1,1,1,1,1,0,1,488,22369620,22369620,4.044999999996968e-05,0.0013685720000000678,0.0011783699999999842,0.003573666999999947,5492
generated-1864,generated,temporal,one-per-bucket,12,4,forced-incomplete,134,13,8,2,504,24,3,0,0,1,0,1,0,1,0,488,22369620,2,3.6214000000089897e-05,0.0012783789999999406,0.0001873780000000158,0.0026034760000001045,5302
generated-1865,generated,temporal,class-exclusion,12,4,ambiguous,134,13,8,4,520,23,4,1,0,1,1,1,1,0,1,488,22369620,20002712,4.572800000002264e-05,0.0012536519999999385,0.0011075350000000483,0.003257037000000018,5652
generated-1866,generated,temporal,empty,24,4,forced-incomplete,254,12,8,1,980,48,1,0,0,0,0,0,0,1,0,972,375299968947540,0,2.646900000002894e-05,0.002546642000000099,9.300800000000553e-05,0.004290541000000037,13264
generated-1867,generated,temporal,class-complete,24,4,ambiguous,254,12,8,5,1012,48,9,8,1,0,1,1,1,0,0,972,375299968947541,8,6.546699999998573e-05,0.002586069999999996,0.0005587500000000523,0.004912063999999994,13695
generated-1868,generated,temporal,seeded-omission,24,4,forced-incomplete,278,13,8,2,1080,48,8,4,0,1,0,1,0,1,0,1064,375299968947540,7,5.207699999998372e-05,0.002793728999999967,0.00031864300000006285,0.004965212999999968,14577
generated-1869,generated,temporal,census,24,4,forced-complete,253,12,8,4,1000,48,1,8,1,1,1,1,1,0,1,968,375299968947540,375299968947540,5.577300000003671e-05,0.002557547999999965,0.0012420940000000824,0.00553094300000001,13748
generated-1870,generated,temporal,one-per-bucket,24,4,forced-incomplete,278,13,8,1,1072,48,2,0,0,1,0,1,0,1,0,1064,375299968947540,1,4.0380000000173055e-05,0.0028016799999999176,0.00021505900000007294,0.004851715000000034,14463
generated-1871,generated,temporal,class-exclusion,24,4,ambiguous,253,12,8,4,1000,48,5,7,0,1,1,1,1,0,1,968,375299968947540,189273736204727,6.691899999999862e-05,0.0026060199999999867,0.0011354259999998284,0.005454979999999887,13965
generated-1872,generated,temporal,empty,3,4,forced-incomplete,23,11,7,2,66,5,1,0,0,0,0,0,0,1,0,52,84,0,3.4741999999976514e-05,0.00021913500000003694,8.769999999991285e-05,0.0004841289999999443,982
generated-1873,generated,temporal,class-complete,3,4,ambiguous,22,12,8,4,76,5,9,8,1,0,1,1,1,0,0,44,84,8,3.6403999999823355e-05,0.00024204899999991092,0.00042973900000009557,0.0008434429999999438,1232
generated-1874,generated,temporal,seeded-omission,3,4,forced-incomplete,22,12,8,2,60,5,7,2,0,1,0,1,0,1,1,44,85,7,3.120599999983931e-05,0.00023334599999991212,0.00027540900000011526,0.0006692239999999128,1120
generated-1875,generated,temporal,census,3,4,forced-complete,22,12,8,4,76,5,1,8,1,1,1,1,1,0,1,44,84,84,2.5798000000021304e-05,0.0002040529999998153,0.0009306319999999868,0.0012882730000001175,1126
generated-1876,generated,temporal,one-per-bucket,3,4,forced-incomplete,22,12,8,2,60,5,3,1,0,1,0,1,0,1,0,44,84,2,2.3274999999989276e-05,0.00022887999999987585,0.00017478999999998024,0.0005527409999999122,1072
generated-1877,generated,temporal,class-exclusion,3,4,ambiguous,26,13,8,4,88,5,3,5,0,1,1,1,1,0,1,56,84,83,3.255899999987655e-05,0.00023826400000004355,0.0009161399999999542,0.0013356129999999578,1319
generated-1878,generated,temporal,empty,4,4,forced-incomplete,38,13,8,1,112,7,1,0,0,0,0,0,0,1,0,104,340,0,1.5453000000054118e-05,0.00032828800000017644,7.991799999995663e-05,0.0006502560000001267,1376
generated-1879,generated,temporal,class-complete,4,4,ambiguous,34,12,8,4,124,7,9,8,1,1,1,1,1,0,0,92,340,8,3.948800000008745e-05,0.0003272159999998525,0.0005032670000000294,0.001105922000000037,1567
generated-1880,generated,temporal,seeded-omission,4,4,forced-incomplete,34,12,8,2,108,7,8,0,0,1,0,1,0,1,0,92,340,7,3.1596999999994324e-05,0.00032491300000003775,0.00033574799999991356,0.0008975530000001619,1447
generated-1881,generated,temporal,census,4,4,forced-complete,33,12,8,5,128,7,1,8,1,1,1,1,1,0,1,88,341,341,2.8482000000051855e-05,0.000311141999999931,0.0013005409999999884,0.0018520300000000045,1497
generated-1882,generated,temporal,one-per-bucket,4,4,forced-incomplete,33,12,8,1,96,7,2,0,0,1,0,1,0,1,0,88,340,1,2.0730999999996058e-05,0.00029659100000012373,0.00012476599999988736,0.0006386979999999376,1315
generated-1883,generated,temporal,class-exclusion,4,4,ambiguous,34,12,8,4,124,7,3,3,0,1,1,1,1,0,1,92,340,315,3.353999999999857e-05,0.0003174919999999748,0.001092702000000001,0.0016765300000001204,1579
generated-1884,generated,temporal,empty,6,4,forced-incomplete,62,13,8,2,216,11,1,0,0,0,0,0,0,1,0,200,5460,0,1.9939000000190887e-05,0.0005454999999998655,0.00010965299999998734,0.001090648999999999,2192
generated-1885,generated,temporal,class-complete,6,4,ambiguous,62,13,8,4,232,11,9,8,1,1,1,1,1,0,0,200,5460,8,4.270300000008831e-05,0.0005725899999999839,0.0005066730000000685,0.0015303730000000293,2447
generated-1886,generated,temporal,seeded-omission,6,4,forced-incomplete,56,12,8,1,188,11,8,6,0,1,0,1,0,1,0,180,5460,7,3.124700000012304e-05,0.0005253999999998982,0.0002459460000001634,0.0011392409999999575,2103
generated-1887,generated,temporal,census,6,4,forced-complete,56,12,8,4,212,11,1,8,1,1,1,1,1,0,1,180,5460,5460,3.1556999999793334e-05,0.0005048800000000409,0.0011908779999998398,0.002091405999999907,2211
generated-1888,generated,temporal,one-per-bucket,6,4,forced-incomplete,56,12,8,3,204,11,2,1,0,1,0,1,0,1,1,180,5461,3,3.830599999998796e-05,0.0005705470000001434,0.00025789300000012005,0.0014702630000000827,2173
generated-1889,generated,temporal,class-exclusion,6,4,ambiguous,62,13,8,4,232,11,5,1,0,1,1,1,1,0,1,200,5460,3830,4.047099999993087e-05,0.0005737819999998006,0.0010225690000000842,0.002033088999999988,2492
generated-1890,generated,temporal,empty,8,4,forced-incomplete,86,13,8,1,304,15,1,0,0,0,0,0,0,1,0,296,87380,0,2.1461999999861092e-05,0.0007828420000000058,8.686899999998943e-05,0.001463202999999913,3040
generated-1891,generated,temporal,class-complete,8,4,ambiguous,77,12,8,4,296,15,9,8,1,1,1,1,1,0,0,264,87380,8,4.514700000002314e-05,0.0007220219999999333,0.00048459999999983516,0.0017572290000000823,3096
generated-1892,generated,temporal,seeded-omission,8,4,forced-incomplete,77,12,8,2,280,15,8,4,0,1,0,1,0,1,0,264,87380,7,4.0309999999932344e-05,0.0007288620000001078,0.0003040020000000254,0.0015576529999998812,2961
generated-1893,generated,temporal,census,8,4,forced-complete,77,12,8,4,296,15,1,8,1,1,1,1,1,0,1,264,87380,87380,3.4110000000087126e-05,0.0007246159999998447,0.0011706479999999964,0.0024090580000000195,3045
generated-1894,generated,temporal,one-per-bucket,8,4,forced-incomplete,78,12,8,1,276,15,2,0,0,1,0,1,0,1,0,268,87380,1,2.7561000000009273e-05,0.0007262489999999566,0.00013197600000003362,0.0014084420000000097,2863
generated-1895,generated,temporal,class-exclusion,8,4,ambiguous,77,12,8,5,304,15,5,7,0,1,1,1,1,0,1,264,87381,62640,4.450599999983318e-05,0.0007365430000001449,0.0012047590000001662,0.002482717000000134,3242
generated-1896,generated,temporal,empty,12,4,forced-incomplete,122,12,8,2,460,24,1,0,0,0,0,0,0,1,0,444,22369620,0,2.7349999999870533e-05,0.0011410649999998856,0.00018264099999987238,0.0021132179999998613,4815
generated-1897,generated,temporal,class-complete,12,4,ambiguous,134,13,8,4,520,23,9,8,1,1,1,1,1,0,0,488,22369620,8,5.2987999999976054e-05,0.0013448169999998871,0.0004874240000001251,0.0028040340000001773,5500
generated-1898,generated,temporal,seeded-omission,12,4,forced-incomplete,122,12,8,1,452,24,8,2,0,1,0,1,0,1,0,444,22369620,7,3.790599999997646e-05,0.0011723209999998652,0.00024631599999991316,0.0022378429999998506,4887
generated-1899,generated,temporal,census,12,4,forced-complete,122,12,8,4,476,23,1,8,1,1,1,1,1,0,1,444,22369620,22369620,3.8486999999864935e-05,0.0011543140000001006,0.0011867620000001189,0.003156227000000067,5088
generated-1900,generated,temporal,one-per-bucket,12,4,forced-incomplete,122,12,8,2,460,24,3,0,0,1,0,1,0,1,0,444,22369620,2,3.444099999994066e-05,0.0011503790000000347,0.00018918100000009375,0.002199716000000018,4897
generated-1901,generated,temporal,class-exclusion,12,4,ambiguous,122,12,8,4,476,23,3,5,0,1,1,1,1,0,1,444,22369620,21887332,0.000285343000000049,0.0011570579999999886,0.0012540020000000318,0.0034897519999999016,5258
generated-1902,generated,temporal,empty,24,4,forced-incomplete,254,12,8,2,988,48,1,0,0,0,0,0,0,1,0,972,375299968947541,0,2.8331999999853252e-05,0.0026177570000001094,0.00011501100000010922,0.004406984000000058,13308
generated-1903,generated,temporal,class-complete,24,4,ambiguous,253,12,8,4,1000,48,9,8,1,1,1,1,1,0,0,968,375299968947540,8,7.902699999995377e-05,0.002575263999999855,0.0004929919999998589,0.00479746400000014,13633
generated-1904,generated,temporal,seeded-omission,24,4,forced-incomplete,278,13,8,2,1080,48,8,0,0,1,0,1,0,1,0,1064,375299968947540,7,5.688399999992377e-05,0.002789221999999869,0.00030641500000005983,0.004958843999999907,14577
generated-1905,generated,temporal,census,24,4,forced-complete,254,12,8,4,1004,48,1,8,1,1,1,1,1,0,1,972,375299968947540,375299968947540,5.509100000011813e-05,0.0026687430000000845,0.0012517690000000137,0.00563725100000001,13747
generated-1906,generated,temporal,one-per-bucket,24,4,forced-incomplete,254,12,8,1,980,48,2,0,0,1,0,1,0,1,0,972,375299968947540,1,4.340499999999636e-05,0.0026623540000001444,0.00014327300000016585,0.004599860999999983,13320
generated-1907,generated,temporal,class-exclusion,24,4,ambiguous,278,13,8,4,1096,48,3,3,0,1,1,1,1,0,1,1064,375299968947540,375017757514867,6.64689999998469e-05,0.003109196999999897,0.0012895649999999925,0.006547832999999947,15147
generated-1908,generated,temporal,empty,3,4,forced-incomplete,26,13,8,2,72,5,1,0,0,0,0,0,0,1,0,56,84,0,8.634799999995835e-05,0.00023645099999991537,0.00010822099999985291,0.0006422240000001356,1081
generated-1909,generated,temporal,class-complete,3,4,ambiguous,22,12,8,5,84,5,9,8,1,0,1,1,1,0,0,44,85,8,4.261299999996915e-05,0.00023062199999990263,0.000528274999999967,0.000944491999999908,1294
generated-1910,generated,temporal,seeded-omission,3,4,forced-incomplete,23,11,7,1,59,5,7,1,0,1,0,1,0,1,0,52,84,6,2.6389999999931746e-05,0.00021626100000005088,0.00022354199999985447,0.0006019440000000209,1046
generated-1911,generated,temporal,census,3,4,forced-complete,26,13,8,4,88,5,1,8,1,1,1,1,1,0,1,56,84,84,2.5236999999789234e-05,0.00023503900000010347,0.0009815769999999002,0.0013896129999999562,1217
generated-1912,generated,temporal,one-per-bucket,3,4,forced-incomplete,23,11,7,2,66,5,3,0,0,1,0,1,0,1,0,52,84,2,2.312399999992998e-05,0.0002488999999998853,0.00014748899999994514,0.0005571069999998901,1060
generated-1913,generated,temporal,class-exclusion,3,4,ambiguous,23,11,7,4,80,5,3,4,0,1,1,1,1,0,1,52,84,68,2.958399999997141e-05,0.000220426999999912,0.0007354720000001258,0.0011237479999999245,1197
generated-1914,generated,temporal,empty,4,4,forced-incomplete,34,12,8,1,100,7,1,0,0,0,0,0,0,1,0,92,340,0,2.769100000010738e-05,0.00034797700000011034,8.51660000000809e-05,0.0016287690000000854,1277
generated-1915,generated,temporal,class-complete,4,4,ambiguous,33,12,8,4,120,7,9,8,1,1,1,1,1,0,0,88,340,8,4.126100000001465e-05,0.0003334249999999983,0.0004706889999999131,0.0010894379999999426,1548
generated-1916,generated,temporal,seeded-omission,4,4,forced-incomplete,34,12,8,3,116,7,7,4,0,1,0,1,0,1,1,92,341,7,3.681500000007887e-05,0.0003208859999999092,0.0003660529999998108,0.0009402859999998459,1507
generated-1917,generated,temporal,census,4,4,forced-complete,38,13,8,4,136,7,1,8,1,1,1,1,1,0,1,104,340,340,2.747099999989011e-05,0.00040368000000001736,0.0019564759999999293,0.0026170469999999835,1570
generated-1918,generated,temporal,one-per-bucket,4,4,forced-incomplete,34,12,8,1,100,7,2,0,0,1,0,1,0,1,0,92,340,1,2.5697999999962917e-05,0.0003172409999998571,0.00012377400000018746,0.0007264689999999518,1333
generated-1919,generated,temporal,class-exclusion,4,4,ambiguous,38,13,8,4,136,7,2,7,0,1,1,1,1,0,1,104,340,317,5.544199999985011e-05,0.0003475459999999764,0.0011468030000001406,0.00177786000000002,1675
generated-1920,generated,environment,empty,3,8,forced-incomplete,29,13,4,3,148,6,1,0,0,0,0,0,0,1,0,136,169,0,1.9819000000032005e-05,0.0003184430000000571,4.706999999992689e-05,0.0005505580000000343,983
generated-1921,generated,environment,class-complete,3,8,ambiguous,29,13,4,4,152,6,5,4,1,0,1,1,1,0,0,136,168,4,2.9643999999828807e-05,0.0002568409999998966,0.00011777500000009766,0.000568614999999939,1102
generated-1922,generated,environment,seeded-omission,3,8,forced-incomplete,17,7,4,1,92,7,4,2,0,1,0,1,0,1,0,88,168,3,2.2844000000077358e-05,0.00017502899999999322,7.609300000011032e-05,0.0003863040000000595,749
generated-1923,generated,environment,census,3,8,forced-complete,29,13,4,4,152,6,1,4,1,1,1,1,1,0,1,136,168,168,1.7444999999893795e-05,0.00024351200000016782,0.00037901300000009464,0.0007946199999999681,1039
generated-1924,generated,environment,one-per-bucket,3,8,forced-incomplete,29,13,4,2,144,6,3,2,0,1,0,1,0,1,0,136,168,2,2.3904999999935228e-05,0.00032735599999988985,7.880800000004129e-05,0.0005941619999998426,1023
generated-1925,generated,environment,class-exclusion,3,8,ambiguous,29,13,4,4,152,6,5,1,0,1,1,1,1,0,0,136,168,95,2.447599999988448e-05,0.0002529249999998484,0.00029674099999987824,0.0007383560000000511,1109
generated-1926,generated,environment,empty,4,8,forced-incomplete,23,7,4,1,140,9,1,0,0,0,0,0,0,1,0,136,680,0,1.556300000005173e-05,0.00021885499999996227,3.495200000003251e-05,0.0004301289999999458,837
generated-1927,generated,environment,class-complete,4,8,ambiguous,41,13,4,5,252,7,5,4,1,0,1,1,1,0,0,232,681,4,3.2507999999875636e-05,0.0003891179999999661,0.00015013299999999674,0.0008120560000000054,1452
generated-1928,generated,environment,seeded-omission,4,8,forced-incomplete,41,13,4,2,240,8,4,0,0,1,0,1,0,1,0,232,680,3,2.6550000000069574e-05,0.00034634399999999843,0.00010930299999989401,0.0007182359999999832,1345
generated-1929,generated,environment,census,4,8,forced-complete,41,13,4,4,248,7,1,4,1,1,1,1,1,0,1,232,680,680,2.035000000000231e-05,0.00040254699999997534,0.0004567980000000915,0.0011111100000000818,1363
generated-1930,generated,environment,one-per-bucket,4,8,forced-incomplete,23,7,4,1,140,9,2,0,0,1,0,1,0,1,0,136,680,1,2.0050000000049195e-05,0.0002294110000000682,5.654399999999171e-05,0.0004543349999999169,885
generated-1931,generated,environment,class-exclusion,4,8,ambiguous,41,13,4,4,248,7,3,3,0,1,1,1,1,0,1,232,680,602,2.7200999999976716e-05,0.0003607960000000521,0.0004551960000001021,0.0011216949999999226,1440
generated-1932,generated,environment,empty,6,8,forced-incomplete,65,13,4,2,432,11,1,0,0,0,0,0,0,1,0,424,10920,0,1.8306999999939677e-05,0.0006211529999999854,4.364500000009208e-05,0.0010751970000000277,1977
generated-1933,generated,environment,class-complete,6,8,ambiguous,65,13,4,4,440,11,5,4,1,1,1,1,1,0,0,424,10920,4,3.5844000000118115e-05,0.00060963600000008,0.00015842499999996207,0.0012605720000000709,2138
generated-1934,generated,environment,seeded-omission,6,8,forced-incomplete,35,7,4,2,240,12,3,2,0,1,0,1,0,1,1,232,10921,3,2.9983999999982913e-05,0.000351341000000005,0.0001209000000002014,0.0007389369999999396,1301
generated-1935,generated,environment,census,6,8,forced-complete,65,13,4,4,440,11,1,4,1,1,1,1,1,0,1,424,10920,10920,2.7731000000086325e-05,0.0006022750000000965,0.0005521399999999232,0.0017655210000000476,2115
generated-1936,generated,environment,one-per-bucket,6,8,forced-incomplete,65,13,4,2,432,11,3,2,0,1,0,1,0,1,0,424,10920,2,3.350999999995885e-05,0.0006891030000000242,8.946300000012286e-05,0.001462432000000069,2045
generated-1937,generated,environment,class-exclusion,6,8,ambiguous,65,13,4,4,440,11,3,1,0,1,1,1,1,0,1,424,10920,7823,3.256799999995508e-05,0.0006010020000000171,0.00047847100000009135,0.0015006079999999589,2198
generated-1938,generated,environment,empty,8,8,forced-incomplete,47,7,4,1,332,16,1,0,0,0,0,0,0,1,0,328,174760,0,1.959900000003678e-05,0.00043870200000006854,3.52420000000464e-05,0.0008266580000000356,1619
generated-1939,generated,environment,class-complete,8,8,ambiguous,89,13,4,4,632,15,5,4,1,1,1,1,1,0,0,616,174760,4,3.472100000001532e-05,0.0008352900000001551,0.00015529100000000184,0.00159883400000016,2982
generated-1940,generated,environment,seeded-omission,8,8,forced-incomplete,89,13,4,2,624,15,4,0,0,1,0,1,0,1,0,616,174760,3,3.2167999999943575e-05,0.0007926970000000644,9.407999999999639e-05,0.0014664470000000929,2889
generated-1941,generated,environment,census,8,8,forced-complete,89,13,4,5,636,15,1,4,1,1,1,1,1,0,1,616,174761,174761,2.828199999993508e-05,0.0007986660000001145,0.003317736000000071,0.004720769999999819,3011
generated-1942,generated,environment,one-per-bucket,8,8,forced-incomplete,47,7,4,1,332,16,2,0,0,1,0,1,0,1,0,328,174760,1,3.0795000000027883e-05,0.0005181490000001343,6.049000000007965e-05,0.0009423889999999879,1667
generated-1943,generated,environment,class-exclusion,8,8,ambiguous,89,13,4,4,632,15,3,3,0,1,1,1,1,0,1,616,174760,121824,3.116599999986036e-05,0.0017169389999998064,0.0005006440000001611,0.002796142999999862,3078
generated-1944,generated,environment,empty,12,8,forced-incomplete,137,13,4,2,1008,24,1,0,0,0,0,0,0,1,0,1000,44739240,0,2.5667999999923197e-05,0.0015522749999998808,4.6258000000021227e-05,0.0025273630000000047,4841
generated-1945,generated,environment,class-complete,12,8,ambiguous,137,13,4,4,1016,23,5,4,1,1,1,1,1,0,0,1000,44739240,4,4.39249999999447e-05,0.0013450370000001044,0.00019102299999995687,0.0025297859999999783,5032
generated-1946,generated,environment,seeded-omission,12,8,forced-incomplete,71,7,4,1,524,25,4,2,0,1,0,1,0,1,0,520,44739240,3,3.143700000007854e-05,0.0006944509999999848,7.776499999989639e-05,0.0012605519999999704,2715
generated-1947,generated,environment,census,12,8,forced-complete,137,13,4,4,1016,23,1,4,1,1,1,1,1,0,1,1000,44739240,44739240,2.6969999999959526e-05,0.0013255590000000872,0.00043209200000005055,0.0026608509999999086,5079
generated-1948,generated,environment,one-per-bucket,12,8,forced-incomplete,137,13,4,3,1012,24,3,3,0,1,0,1,0,1,1,1000,44739241,3,8.925300000006686e-05,0.0013104259999998646,0.00011767399999995654,0.0025303180000000314,4953
generated-1949,generated,environment,class-exclusion,12,8,ambiguous,137,13,4,4,1016,23,3,1,0,1,1,1,1,0,1,1000,44739240,40886294,3.5922999999993266e-05,0.0012386289999999356,0.0005087860000001498,0.0026396500000001044,5216
generated-1950,generated,environment,empty,24,8,forced-incomplete,143,7,4,1,1100,49,1,0,0,0,0,0,0,1,0,1096,750599937895080,0,2.9724000000008743e-05,0.0014889210000001984,6.369499999991923e-05,0.0025639280000000486,7185
generated-1951,generated,environment,class-complete,24,8,ambiguous,281,13,4,4,2168,48,5,4,1,1,1,1,1,0,0,2152,750599937895080,4,4.7711000000116854e-05,0.0028218800000001654,0.0066467610000000565,0.011388281999999972,14096
generated-1952,generated,environment,seeded-omission,24,8,forced-incomplete,281,13,4,2,2160,48,4,0,0,1,0,1,0,1,0,2152,750599937895080,3,5.923800000018353e-05,0.005851054000000078,0.0001789560000000634,0.008242895999999833,13931
generated-1953,generated,environment,census,24,8,forced-complete,281,13,4,4,2168,48,1,4,1,1,1,1,1,0,1,2152,750599937895080,750599937895080,8.366400000014984e-05,0.0045668020000000364,0.0024786610000000486,0.00904245799999992,14279
generated-1954,generated,environment,one-per-bucket,24,8,forced-incomplete,143,7,4,1,1100,49,2,0,0,1,0,1,0,1,0,1096,750599937895080,1,5.2487999999906165e-05,0.0014802789999999177,6.495699999997662e-05,0.0027000989999999003,7233
generated-1955,generated,environment,class-exclusion,24,8,ambiguous,281,13,4,5,2172,48,4,3,0,1,1,1,1,0,1,2152,750599937895081,379042160305913,5.381000000004299e-05,0.0029372420000000066,0.0005294959999999627,0.00564370099999989,14478
generated-1956,generated,environment,empty,3,8,forced-incomplete,29,13,4,2,144,6,1,0,0,0,0,0,0,1,0,136,168,0,4.018899999991277e-05,0.0002604569999999917,4.524699999985948e-05,0.0005224759999999939,955
generated-1957,generated,environment,class-complete,3,8,ambiguous,29,13,4,4,152,6,5,4,1,0,1,1,1,0,0,136,168,4,3.1447000000017766e-05,0.0002654749999999595,0.0001408389999999482,0.0006108670000000149,1102
generated-1958,generated,environment,seeded-omission,3,8,forced-incomplete,17,7,4,1,92,7,4,2,0,1,0,1,0,1,0,88,168,3,2.214300000003e-05,0.00019806400000010882,7.374900000001183e-05,0.00040440000000008247,749
generated-1959,generated,environment,census,3,8,forced-complete,29,13,4,4,152,6,1,4,1,1,1,1,1,0,1,136,168,168,0.00020916000000004153,0.0002652439999999423,0.0005802319999999028,0.0012921280000000035,1039
generated-1960,generated,environment,one-per-bucket,3,8,forced-incomplete,29,13,4,2,144,6,3,2,0,1,0,1,0,1,0,136,168,2,2.6719000000063886e-05,0.00029308500000002624,8.41350000000407e-05,0.0005701860000000281,1023
generated-1961,generated,environment,class-exclusion,3,8,ambiguous,29,13,4,4,152,6,5,1,0,1,1,1,1,0,0,136,168,95,2.586800000003997e-05,0.0002526449999999958,0.0003054330000000771,0.0007610000000000117,1109
generated-1962,generated,environment,empty,4,8,forced-incomplete,23,7,4,2,144,9,1,0,0,0,0,0,0,1,0,136,681,0,1.6974999999863627e-05,0.00037314499999996364,4.350399999997201e-05,0.000582815999999875,865
generated-1963,generated,environment,class-complete,4,8,ambiguous,41,13,4,4,248,7,5,4,1,1,1,1,1,0,0,232,680,4,3.782599999979652e-05,0.0004585209999998785,0.00023046199999998684,0.0013606609999998742,1414
generated-1964,generated,environment,seeded-omission,4,8,forced-incomplete,41,13,4,2,240,8,4,0,0,1,0,1,0,1,0,232,680,3,3.151599999995369e-05,0.0003557480000000446,0.00013454000000012734,0.0007641350000000546,1343
generated-1965,generated,environment,census,4,8,forced-complete,41,13,4,4,248,7,1,4,1,1,1,1,1,0,1,232,680,680,2.583800000000025e-05,0.0003935850000000851,0.0004615949999999813,0.0013833640000000536,1365
generated-1966,generated,environment,one-per-bucket,4,8,forced-incomplete,23,7,4,1,140,9,2,0,0,1,0,1,0,1,0,136,680,1,2.23339999998462e-05,0.0002486389999998284,5.9017999999966264e-05,0.00047864099999994636,885
generated-1967,generated,environment,class-exclusion,4,8,ambiguous,41,13,4,4,248,7,3,3,0,1,1,1,1,0,1,232,680,602,3.283899999995121e-05,0.00037342399999995557,0.00044950799999998736,0.002764154999999935,1440
generated-1968,generated,environment,empty,6,8,forced-incomplete,65,13,4,2,432,11,1,0,0,0,0,0,0,1,0,424,10920,0,1.9407999999998538e-05,0.0021794660000000743,0.00010767000000000415,0.0026988969999999224,1977
generated-1969,generated,environment,class-complete,6,8,ambiguous,65,13,4,5,444,11,5,4,1,0,1,1,1,0,0,424,10921,4,0.0001903629999999712,0.0009278179999998581,0.00015564100000009518,0.0017244799999998062,2176
generated-1970,generated,environment,seeded-omission,6,8,forced-incomplete,35,7,4,1,236,12,4,2,0,1,0,1,0,1,0,232,10920,3,2.988400000014657e-05,0.0014774539999999892,9.160600000002184e-05,0.0018349250000000428,1267
generated-1971,generated,environment,census,6,8,forced-complete,65,13,4,4,440,11,1,4,1,1,1,1,1,0,1,424,10920,10920,3.172700000009243e-05,0.0008196069999999445,0.0005231059999999399,0.0025197219999999465,2115
generated-1972,generated,environment,one-per-bucket,6,8,forced-incomplete,65,13,4,2,432,11,3,2,0,1,0,1,0,1,0,424,10920,2,3.630400000020906e-05,0.0005765260000001327,9.025500000015008e-05,0.001444825000000094,2045
generated-1973,generated,environment,class-exclusion,6,8,ambiguous,65,13,4,4,440,11,3,1,0,1,1,1,1,0,1,424,10920,7823,3.568300000011959e-05,0.001784470000000038,0.0004657910000001042,0.002700020000000025,2198
generated-1974,generated,environment,empty,8,8,forced-incomplete,47,7,4,1,332,16,1,0,0,0,0,0,0,1,0,328,174760,0,2.0971000000091777e-05,0.000443399000000122,5.545200000001138e-05,0.0008250149999999845,1619
generated-1975,generated,environment,class-complete,8,8,ambiguous,89,13,4,4,632,15,5,4,1,1,1,1,1,0,0,616,174760,4,6.60290000000785e-05,0.0008106539999999107,0.00018682800000013877,0.0018701469999999887,2982
generated-1976,generated,environment,seeded-omission,8,8,forced-incomplete,89,13,4,3,628,15,4,0,0,0,0,1,0,1,0,616,174761,3,4.3204000000018894e-05,0.0008354799999998885,0.0001063379999999281,0.0017033399999999421,2927
generated-1977,generated,environment,census,8,8,forced-complete,89,13,4,4,632,15,1,4,1,1,1,1,1,0,1,616,174760,174760,2.8872999999984827e-05,0.0008236839999999912,0.0008117549999999696,0.002211563999999999,2983
generated-1978,generated,environment,one-per-bucket,8,8,forced-incomplete,47,7,4,1,332,16,2,0,0,1,0,1,0,1,0,328,174760,1,2.7881000000062883e-05,0.0005228959999998839,6.245299999996234e-05,0.0009627189999998897,1667
generated-1979,generated,environment,class-exclusion,8,8,ambiguous,89,13,4,4,632,15,3,3,0,1,1,1,1,0,1,616,174760,121824,3.21779999998828e-05,0.0008379650000001071,0.00041717900000004526,0.0018637880000000884,3078
generated-1980,generated,environment,empty,12,8,forced-incomplete,137,13,4,2,1008,24,1,0,0,0,0,0,0,1,0,1000,44739240,0,3.0184999999960382e-05,0.0014922659999998533,4.9033000000031635e-05,0.0025265119999999808,4841
generated-1981,generated,environment,class-complete,12,8,ambiguous,137,13,4,4,1016,23,5,4,1,1,1,1,1,0,0,1000,44739240,4,0.00029026099999995836,0.0012944630000000235,0.00016311199999985426,0.002716864000000152,5032
generated-1982,generated,environment,seeded-omission,12,8,forced-incomplete,71,7,4,1,524,25,4,2,0,1,0,1,0,1,0,520,44739240,3,3.1155999999921136e-05,0.0006701650000000559,7.907799999995468e-05,0.0012500870000000663,2715
generated-1983,generated,environment,census,12,8,forced-complete,137,13,4,5,1020,23,1,4,1,1,1,1,1,0,1,1000,44739241,44739241,5.017400000006944e-05,0.0015767010000000692,0.0004993819999998816,0.003034446000000024,5107
generated-1984,generated,environment,one-per-bucket,12,8,forced-incomplete,137,13,4,2,1008,24,3,2,0,1,0,1,0,1,0,1000,44739240,2,3.790599999997646e-05,0.0012538719999999337,8.827100000008414e-05,0.002539481000000121,4909
generated-1985,generated,environment,class-exclusion,12,8,ambiguous,137,13,4,4,1016,23,3,1,0,1,1,1,1,0,1,1000,44739240,40886294,3.6474000000064066e-05,0.0012428859999999986,0.00043395400000001416,0.0026188390000001505,5216
generated-1986,generated,environment,empty,24,8,forced-incomplete,143,7,4,1,1100,49,1,0,0,0,0,0,0,1,0,1096,750599937895080,0,2.7380999999992994e-05,0.001431184999999946,3.971900000010464e-05,0.0024526919999998675,7185
generated-1987,generated,environment,class-complete,24,8,ambiguous,281,13,4,4,2168,48,5,4,1,1,1,1,1,0,0,2152,750599937895080,4,5.177699999991958e-05,0.0029047239999999697,0.00016313199999995476,0.005196876999999933,14096
generated-1988,generated,environment,seeded-omission,24,8,forced-incomplete,281,13,4,2,2160,48,4,0,0,1,0,1,0,1,0,2152,750599937895080,3,5.3298999999951135e-05,0.0027018220000001314,9.791500000000397e-05,0.0047983959999999826,13931
generated-1989,generated,environment,census,24,8,forced-complete,281,13,4,4,2168,48,1,4,1,1,1,1,1,0,1,2152,750599937895080,750599937895080,4.646899999993792e-05,0.002843021999999973,0.0007215119999999242,0.005541869999999838,14279
generated-1990,generated,environment,one-per-bucket,24,8,forced-incomplete,143,7,4,2,1104,49,2,1,0,1,0,1,0,1,1,1096,750599937895081,2,4.9924000000034496e-05,0.0018789200000000061,9.2648000000084e-05,0.0029922529999999448,7277
generated-1991,generated,environment,class-exclusion,24,8,ambiguous,281,13,4,4,2168,48,5,3,0,1,1,1,1,0,0,2152,750599937895080,379042160305912,4.376500000002892e-05,0.0027665380000001516,0.000450979000000018,0.00536318399999991,14442
generated-1992,generated,environment,empty,3,8,forced-incomplete,29,13,4,2,144,6,1,0,0,0,0,0,0,1,0,136,168,0,3.8806999999918546e-05,0.00032200799999992924,4.551800000007766e-05,0.0006157249999998449,957
generated-1993,generated,environment,class-complete,3,8,ambiguous,29,13,4,4,152,6,5,4,1,0,1,1,1,0,0,136,168,4,3.0584999999971885e-05,0.0002978330000000806,0.00012445500000013432,0.0006176179999999309,1102
generated-1994,generated,environment,seeded-omission,3,8,forced-incomplete,17,7,4,1,92,7,4,2,0,1,0,1,0,1,0,88,168,3,2.153199999987976e-05,0.00017374800000014012,7.268799999993192e-05,0.00037597800000011006,749
generated-1995,generated,environment,census,3,8,forced-complete,29,13,4,4,152,6,1,4,1,1,1,1,1,0,1,136,168,168,1.8067000000066002e-05,0.0002667059999998944,0.00036799699999989777,0.0008071990000000362,1041
generated-1996,generated,environment,one-per-bucket,3,8,forced-incomplete,29,13,4,2,144,6,3,2,0,1,0,1,0,1,0,136,168,2,2.395599999993614e-05,0.00048334799999993905,8.70890000002067e-05,0.0007523769999999708,1023
generated-1997,generated,environment,class-exclusion,3,8,ambiguous,29,13,4,5,156,6,4,1,0,1,1,1,1,0,1,136,169,96,2.814199999989775e-05,0.0002613479999999946,0.0003797240000000812,0.0008380649999999434,1145
generated-1998,generated,environment,empty,4,8,forced-incomplete,23,7,4,1,140,9,1,0,0,0,0,0,0,1,0,136,680,0,1.7225999999981312e-05,0.0002261959999998453,3.7244999999908046e-05,0.00046103500000005404,837
generated-1999,generated,environment,class-complete,4,8,ambiguous,41,13,4,4,248,7,5,4,1,1,1,1,1,0,0,232,680,4,3.126700000000149e-05,0.0003661440000000127,0.00015720300000010567,0.0007974139999999963,1414
