claim_id,claim,theorem_or_section,proof_or_checker,raw_result_or_source,experiment_or_argument,figure_or_table,maturity,boundary,fresh_recheck,independence_status
information-boundary,Exact bucket counts need not identify the actual earliest omission,Theorem 1; Section III-A,docs/proofs.md,results/tests/controls.json,source-grounded ambiguity control,Fig. 1; Eq. (7),ordinary-proof; finite-checked,No reconstructed Android execution,2026-09-17; proof and control reread,separate oracle/checker where listed; no external review
allocation-realizability,Feasible integer cell allocations realize precisely the compatible coverage outcomes,Lemma 1,docs/proofs.md,results/tests/capacity.json,labelled-token subset oracle,Section III-B,ordinary-proof; finite-checked,Requires independent distinct-trace choices,2026-09-17; proof and capacity result reconciled,direct subset oracle separate from producer
exclusion,A class is avoidable exactly when every row can be filled outside it,Lemma 2,docs/proofs.md,results/tests/capacity.json,capacity oracle,Eq. (9),ordinary-proof; finite-checked,Exact capacities and partitioned buckets,2026-09-17; proof and finite domain reconciled,direct subset oracle separate from producer
marginal-interval,One class selected multiplicity spans exactly the summed row interval,Proposition 1,docs/proofs.md,docs/proofs.md,reserve-and-fill interval argument,Eqs. (10)-(11); appendix,ordinary-proof,Not a joint marginal-feasibility claim,2026-09-17; proof reread,ordinary proof; no mechanization
prefix-certificate,A matching plus a deficient next-prefix Hall set certifies the maximal prefix,Theorem 3,src/checker.py; docs/proofs.md,results/tests/capacity.json; results/tests/controls.json,"ordered augmentation, circulation, and subsets","Fig. 2; Eqs. (15),(17)-(18)",ordinary-proof; finite-checked,Classical matching ingredients are not claimed novel,2026-09-17; checker/proof/results reconciled,separate circulation and subset oracles
exact-spectrum,"Avoidability intersected with the prefix frontier, plus COMPLETE, gives every outcome",Theorem 2,src/producer.py; src/checker.py; docs/proofs.md,results/tests/capacity.json; results/campaign/all_cases.csv,exact circulation and exhaustive subsets,Eq. (16),ordinary-proof; finite-checked; clean-reproduced,Frozen exact distinct-trace partition contract only,2026-09-17; all statement/result locations reconciled,producer/checker/comparator separated in source; no external review
overlap-boundary,Unrestricted overlapping exact-count consistency is NP-complete for unit counts and degree-three tokens,Theorem 4,docs/proofs.md; src/overlap_boundary.py,results/tests/overlap.json,X3C reduction plus bounded exhaustive reduction check,Section IV; appendix,ordinary-proof; finite-checked,Does not prove every structured overlap family hard,2026-09-17; reduction and executable map reread,two tiny oracles independent of omission implementation
source-replay,Layer closure derives exact source capacities and canonical class order,Lemma 4; Theorem 5,src/checker.py; src/oracle.py; docs/proofs.md,results/tests/source.json,"20,832 source instances and 113,088 words",Eqs. (20)-(21); Section V,ordinary-proof specification; finite-checked implementation,No machine-checked implementation theorem or APK extraction,2026-09-17; proof/checker/source result reconciled,whole-word oracle separate from checker
androlog-bridge,Public AndroLog raw-label sessions can be fail-closed translated into the frozen input contract under an explicit probe map,Section VI-F; input contract,src/androlog_adapter.py; src/checker.py,results/tests/androlog.json; data/androlog-format-fixture,authored seven-label fixture; byte-distinct normalized-trace duplicate control; anchored parsing; 22 negative controls; changed-report binding,Table V; appendix,finite-checked; clean-reproduced,"No APK instrumentation, provenance, map soundness, or log authentication",2026-09-17; normalized-duplicate boundary and clean result reconciled,adapter/checker separated; fixture authored locally
report-binding,A valid certificate for another count vector is rejected against the declared report,Section V-E,src/checker.py; src/verify.py,results/tests/binding.json; data/reports.jsonl,two alternate-report controls,Fig. 1; Section VI-E,finite-checked; clean-reproduced,Binding is not cryptographic authentication,2026-09-17; controls rerun,checker receives expected counts separately
refinement,Refining compatible worlds over unchanged classes cannot enlarge the spectrum,Proposition 2,docs/proofs.md,docs/proofs.md,set-image argument,Section VII-C,ordinary-proof,"Not automatic across changed horizons, predicates, or order",2026-09-17; proof reread,ordinary proof; no mechanization
output-information,A self-contained spectrum representation can require linear bits in the class count,Section VII-C,docs/proofs.md,docs/proofs.md,optional-class family construction,Section VII-C; appendix,ordinary-proof,No unrestricted certificate-size or universe-enumeration lower bound,2026-09-17; scope wording reread,ordinary proof; no mechanization
primary-agreement,"All 2,448 cases agree with exact circulation and their authored allocation outcome is in the spectrum",Section VI-C,src/run.py; src/baseline.py,results/campaign/all_cases.csv; results/campaign/summary.json,frozen primary suite,Tables III-IV,measured; clean-reproduced,"1,944 structural models; not independent apps",2026-09-17; summary and raw row count reconciled,circulation implementation separate from producer
finite-capacities,"Complementary 2-by-3 and 3-by-2 domains totaling 1,188 matrices, 28,836 reports, 227,556 subsets, and 45,944 outcome allocations agree",Section VI-B,tests/validate.py; src/oracle.py; src/producer.py,results/tests/capacity.json,complete named capacity domains,Appendix II-A,finite-checked; clean-reproduced,Ternary nonzero-column 2-by-3 and 3-by-2 domains only,2026-09-19; both shapes and all outcome witnesses rerun,direct labelled-token oracle plus independently coded circulation
finite-source-domain,"20,832 source instances and 113,088 legal words agree with replay",Section VI-B,tests/validate.py; src/oracle.py,results/tests/source.json,complete named grammar domain,Appendix II-B,finite-checked; clean-reproduced,Named small grammar only,2026-09-17; result rerun,direct word enumeration separate from checker
stress-validation,"Twenty thousand deterministic larger matrix/report cases and 54,276 allocation witnesses agree with circulation and direct witness evaluation",Section VI-B; Appendix V-C,tests/validate.py; src/baseline.py; src/producer.py,results/tests/stress.json,"fixed seed 9142026; up to five buckets, eight classes, cell capacity five, and 133 tokens",Section VI-B; appendix,finite-checked; clean-reproduced,"Deterministic stress sample, not exhaustive and not an Android workload sample",2026-09-17; final clean result object matched exactly,circulation comparator and explicit allocations checked separately from spectrum formula
mutation-rejection,729 non-equivalent mutations are rejected and 55 equivalents accepted,Section VI-E,tests/validate.py,results/tests/mutations.json,fixed applicable mutations over 55 bases,Appendix Table I,finite-checked; clean-reproduced,No universal malformed-input rejection rate,2026-09-17; result rerun,mutation driver exercises isolated checker
overlap-exhaustive,"4,090 locally admissible X3C families survive normalizer-independent readback; all 1,720 positive selections recheck against canonical saved tokens",Section IV-B,tests/validate.py; src/overlap_boundary.py,results/tests/overlap.json,bounded complete family enumeration; normalization-independent JSON readback; unordered-input permutations,Section IV-B; appendix,finite-checked; clean-reproduced,Six-element ground set and family size at most four,2026-09-26; canonical serialization and all positive witnesses rerun,two direct oracles plus readback checker; theorem proof separate
adapter-controls,"The adapter retains 22 portable negative controls, isolates the aggregate exact/over-one branch, rejects two POSIX FIFO paths by InvalidLog, accepts duplicate/anchoring controls, and rejects changed-report reuse",Section VI-F,src/androlog_adapter.py; tests/validate.py,results/tests/androlog.json,seven-label fixture; valid-text aggregate boundary; two timeout-bounded FIFO subprocesses; byte-distinct duplicate; anchoring; binding,Table V; appendix,finite-checked; clean-reproduced,Format contract only; FIFO controls platform-gated,2026-09-26; branch-specific aggregate and FIFO paths rerun,descriptor fstat/open implementation plus independent child-process observations
primary-null,Count threshold and existential full-cover feasibility coincide on the primary suite,Section VI-D,src/run.py; src/baseline.py,results/campaign/all_cases.csv; results/tests/controls.json,all primary cases plus separate Hall control,Table IV; Fig. 2,measured-null; clean-reproduced,No broad Hall-specific empirical advantage,2026-09-17; summary and control reconciled,negative result retained
resources,"Primary and full validation stay within one-worker CPU, memory, node, and checker-step ceilings",Section VI-G,src/run.py; reproduce.py,results/campaign/summary.json; results/resource_budget.json; results/clean_reproduction.json,retained execution plus final clean one-command reproduction,Tables II and V; appendix,measured,Timers/counters have declared scope and one reconstructed repeat,2026-09-19; final staged resource record regenerated after dual replay and dual-shape capacity extension,process observations; not hardware benchmark
clean-reproduction,"The shipped certificate packet replays, and all deterministic rows, deterministic campaign-summary fields, regenerated replay fields, and all eight finite-test groups reproduce in a new output directory",Section VI-E,reproduce.py; src/verify.py,results/clean_reproduction.json; results/replay.json,one-worker sequential subprocesses; chunk size 200,Appendix V,clean-reproduced,Same environment; no independent human review,"2026-09-19; shipped/regenerated replay, exact CSV schema, rows, summaries, and eight groups matched",checker import isolation checked syntactically and campaign column schema compared exactly
literature-calibration,"Twelve same-venue, five foundational, and five adjacent full papers were calibrated against the frozen contribution",research-plan.md,paper/audit_references.py; paper/reference-audit.csv; external_resources.csv,paper/reference-audit.csv; external_resources.csv,"59 cited records, 47 DOI records, and exact 12/5/5 calibration groups",Related Work; research plan,source-reviewed,Reading does not establish acceptance or exhaust every future paper,2026-09-19; 22 calibration identifiers live-rechecked and citation sets reconciled,source review by same research executor; no external reviewer
venue-contract,"Current IEEE CS general journal rules support the template, 191-word abstract, separate appendix, single-anonymous TDSC route, and 12-page final baseline",research-plan.md; CURRENT-STATE.md,official live sources in external_resources.csv,IEEE Computer Society author resources; IEEE AI policy,current first-party rule check,paper README; disclosure,source-verified,Journal-specific dynamic initial-submission limit not asserted,2026-09-19; first-party pages and compiled contract rechecked,"workflow evidence, not scholarly result"
anchor-vocabulary,"TriggerZoo documents 406 applications, ten trigger types, fourteen behavior types, and restricted app access",Introduction,external_resources.csv,TriggerZoo full paper and record,full public source; no application acquisition,Introduction; Section VI-A,source-verified,Vocabulary only; fixtures are not TriggerZoo apps,2026-09-17; full paper record rechecked,no private input
