name,scholarly_or_official_url,resource_type,license,acquisition_method,supported_claim,integration_mode,internals_modified,read_status,access_date
TriggerZoo,https://doi.org/10.1145/3524842.3528020,MSR 2022 research paper,Not redistributed; publisher/preprint rights retained,official record and public full text,"406 applications, ten trigger types, fourteen behavior types, and restricted application access",vocabulary and historical boundary only; no APK acquisition,no,full text reviewed,2026-09-15
TSOpen,https://doi.org/10.1109/TDSC.2021.3108057,IEEE TDSC research article,Not redistributed; publisher/author rights retained,publisher record plus accessible author full text,"static logic-bomb detector sensitivity, modeling choices, and detector/coverage distinction",same-venue full-paper calibration; no implementation imported,no,"full text reviewed for problem, method, evidence, and limits",2026-09-15
Context-aware logic-bomb identification,https://doi.org/10.1109/TDSC.2024.3358979,IEEE TDSC research article,Not redistributed; publisher/author rights retained,publisher and institutional records plus accessible full text,closest recent context-aware anomaly detector and empirical evaluation,same-venue full-paper calibration; bibliographic correction verified,no,"full text reviewed for problem, method, evidence, and limits",2026-09-15
Symbolic execution logic-bomb benchmark,https://doi.org/10.1109/TDSC.2018.2866469,IEEE TDSC research article,Not redistributed; publisher/author rights retained,publisher record plus accessible preprint,controlled logic bombs for measuring executor capability,same-venue full-paper calibration; no executable imported,no,"full text reviewed for problem, method, evidence, and limits",2026-09-15
MIMOSA - Reducing Malware Analysis Overhead with Coverings,https://doi.org/10.1109/TDSC.2023.3346328,IEEE TDSC research article,Not redistributed; publisher/author rights retained,publisher record plus accessible author copy,covering-based allocation of malware-analysis configurations,same-venue full-paper calibration and closest combinatorial comparison,no,"full text reviewed for problem, method, evidence, and limits",2026-09-15
TaintMan,https://doi.org/10.1109/TDSC.2017.2740169,IEEE TDSC research article,Not redistributed; publisher/author rights retained,publisher record plus accessible author copy,dynamic taint tracking on unmodified non-rooted Android devices,same-venue practical-evidence calibration,no,"full text reviewed for problem, method, evidence, and limits",2026-09-15
MsDroid,https://doi.org/10.1109/TDSC.2022.3168285,IEEE TDSC research article,Not redistributed; publisher/author rights retained,publisher record plus accessible author copy and public repository documentation,malicious-snippet localization and evaluation pattern,same-venue full-paper calibration; no model/data imported,no,"full text reviewed for problem, method, evidence, and limits",2026-09-15
IFDroid - Contrastive Learning for Robust Android Malware Familial Classification,https://doi.org/10.1109/TDSC.2022.3219082,IEEE TDSC research article,Not redistributed; publisher/author rights retained,publisher record plus accessible author copy,contrastive family classification and robustness evaluation,same-venue full-paper calibration,no,"full text reviewed for problem, method, evidence, and limits",2026-09-15
MalScan,https://doi.org/10.1109/TDSC.2025.3561944,IEEE TDSC research article,Not redistributed; publisher/author rights retained,publisher record plus accessible full text,call-graph centrality malware detection and extraction assumptions,same-venue full-paper calibration,no,"full text reviewed for problem, method, evidence, and limits",2026-09-15
MalPurifier,https://doi.org/10.1109/TDSC.2026.3691948,IEEE TDSC research article,Not redistributed; publisher/author rights retained,publisher record plus accessible full text,adversarial purification threat model and robust-detection evaluation,same-venue current-work calibration,no,"full text reviewed for problem, method, evidence, and limits",2026-09-15
"Yes, Machine Learning Can Be More Secure!",https://doi.org/10.1109/TDSC.2017.2700270,IEEE TDSC research article,Not redistributed; publisher/author rights retained,publisher record plus accessible author copy,adversarial robustness methodology for Android malware detection,same-venue full-paper calibration,no,"full text reviewed for problem, method, evidence, and limits",2026-09-15
Eight Years of Rider Measurement in the Android Malware Ecosystem,https://doi.org/10.1109/TDSC.2020.2982635,IEEE TDSC research article,Not redistributed; publisher/author rights retained,publisher record plus accessible author copy,longitudinal ecosystem measurement and prevalence-evidence bar,same-venue full-paper calibration,no,"full text reviewed for problem, method, evidence, and limits",2026-09-15
A Probabilistic Discriminative Model for Android Malware Detection with Decompiled Source Code,https://doi.org/10.1109/TDSC.2014.2355839,IEEE TDSC research article,Not redistributed; publisher/author rights retained,publisher record plus accessible author copy,formal feature model linked to real Android data,same-venue full-paper calibration,no,"full text reviewed for problem, method, evidence, and limits",2026-09-15
Hall representatives theorem,https://doi.org/10.1112/jlms/s1-10.37.26,foundational research article,Not redistributed; rights retained,publisher/archive full text,marriage condition underlying matching feasibility,foundational full-paper calibration; theorem reproved in specialized form,no,full text reviewed,2026-09-15
Reducibility among combinatorial problems,https://doi.org/10.1007/978-1-4684-2001-2_9,foundational research chapter,Not redistributed; rights retained,scholarly archive full text,NP-completeness framework and X3C source problem,foundational full-paper calibration and attribution,no,full text reviewed,2026-09-15
Hopcroft-Karp bipartite matching,https://doi.org/10.1137/0202019,foundational research article,Not redistributed; rights retained,publisher/archive full text,efficient bipartite matching baseline,foundational full-paper calibration and attribution,no,full text reviewed,2026-09-15
Incomplete Information in Relational Databases,https://doi.org/10.1145/1634.1886,foundational research article,Not redistributed; rights retained,publisher/archive full text,possible-world semantics for incomplete information,foundational full-paper calibration,no,full text reviewed,2026-09-15
Proof-Carrying Code,https://doi.org/10.1145/263699.263712,foundational research article,Not redistributed; rights retained,publisher/author full text,independently checked evidence attached to code,foundational full-paper calibration,no,full text reviewed,2026-09-15
Certifying Algorithms,https://doi.org/10.1016/j.cosrev.2010.09.009,survey research article,Not redistributed; rights retained,author-hosted full text and publication record,producer/checker conventions and matching certificates,methodological calibration,no,full survey reviewed for relevant conventions and examples,2026-09-15
TriggerScope,https://doi.org/10.1109/SP.2016.30,IEEE S&P research paper,Not redistributed; publisher/author rights retained,publisher record plus accessible author full text,path-predicate logic-bomb detection and Android trigger model,adjacent full-paper calibration,no,full text reviewed,2026-09-15
Difuzer,https://doi.org/10.1145/3510003.3510135,ICSE research paper,Not redistributed; publisher/preprint rights retained,publisher record and public preprint,hidden-sensitive-operation anomaly detection,adjacent full-paper calibration; no code imported,no,full text reviewed,2026-09-15
SensorBomb,https://doi.org/10.14722/ndss.2026.240348,NDSS research paper,Not redistributed; authors/publisher rights retained,official NDSS proceedings page and full text,auto-contextualized covert triggers and evasion model,adjacent current full-paper calibration,no,full text reviewed,2026-09-19
AndroLog paper,https://doi.org/10.1145/3663529.3663806,FSE Companion 2024 peer-reviewed demonstration paper,Not redistributed; publisher/author rights retained,official conference/DOI record and public author full text,public probe labels and Android instrumentation/coverage claims,adjacent full-paper calibration and format vocabulary only,no,full text reviewed,2026-09-19
AndroLog source repository,https://github.com/JordanSamhi/AndroLog/tree/3e7dd34a3c111249af48b4bf79f8206abaa05a43,public source repository,Upstream license applies; no upstream code redistributed,read-only inspection of pinned public commit,raw label spellings and parser treatment of statement metadata,format-compatible adapter written independently; no source copied,no,LogParser and repository layout inspected,2026-09-19
Fine-Grained Code Coverage Measurement in Automated Black-Box Android Testing,https://doi.org/10.1145/3395042,ACM TOSEM research article,Not redistributed; publisher/author rights retained,publisher record plus accessible full text,Android coverage-instrumentation assumptions and granularity,additional adjacent calibration,no,full text reviewed for extraction and coverage assumptions,2026-09-15
AppContext,https://doi.org/10.1109/ICSE.2015.50,ICSE research paper,Not redistributed; publisher/author rights retained,publisher record plus accessible author full text,context-sensitive interpretation of mobile behavior,additional adjacent calibration,no,full text reviewed for relevant method and limits,2026-09-15
IEEE Computer Society author resources,https://www.computer.org/publications/author-resources,official current workflow source,Not redistributed,live first-party page rechecked,journal template requirement; 100-200 word regular abstract; page counting; separate appendices; no TDSC double-anonymous option; 12-page Transactions overlength baseline,paper-contract verification only; not a scholarly citation,no,relevant current sections read,2026-09-19
IEEE AI-generated content policy,https://journals.ieeeauthorcenter.ieee.org/become-an-ieee-journal-author/publishing-ethics/guidelines-and-policies/submission-and-peer-review-policies/,official current workflow source,Not redistributed,live first-party page rechecked,"substantive AI content must be disclosed with system, sections, and extent",truthful manuscript and artifact disclosure,no,relevant current policy passage read,2026-09-19
IEEE journal class,https://www.ctan.org/pkg/ieeetran,publisher-family template asset,LPPL 1.3 per retained header,supplied matched archive and local header inspection,IEEE journal typography,unmodified paper/IEEEtran.cls,no,class options and license header inspected,2026-09-19
IEEE bibliography style,https://ctan.org/tex-archive/macros/latex/contrib/IEEEtran/bibtex,bibliography asset,LPPL per retained header,standard TeX distribution and header inspection,numeric citation-order bibliography,unmodified paper/IEEEtran.bst,no,style header inspected,2026-09-19
Authored finite inputs,local:data/cases.jsonl; data/reports.jsonl,original controlled scientific inputs,MIT; see LICENSE,fixed serialization shipped in artifact,"exact 2,448 primary inputs and reports",redistributed as exact offline inputs,not applicable,clean-reproduced,2026-09-15
